family,unique_train_sha,train_months
agent,61,6
allaple,58,4
ausiv,86,4
autoit,468,6
autorun,553,6
benjamin,163,6
berbew,400,6
bladabindi,336,6
blocker,73,6
ceeinject,146,6
coinminer,50,6
cryptinject,111,5
delf,228,5
dinwod,1124,6
ditertag,82,6
dorv,103,6
fasong,100,6
fuerboos,299,6
gandcrab,446,6
ganelp,274,6
gepys,660,6
gupboot,69,6
lunam,241,6
mira,855,6
mocrt,66,6
musecador,675,6
mydoom,52,6
nitol,76,6
occamy,60,6
padodor,428,6
picsys,283,6
pluto,67,6
pykspa,51,5
qqpass,222,6
sfone,318,6
sillyp2p,358,6
small,958,6
socks,84,6
soltern,70,6
stormser,175,6
sytro,188,6
tescrypt,83,5
unruy,286,6
upatre,1791,6
urelas,349,6
vb,71,6
vflooder,82,6
vobfus,103,6
wabot,756,6
wacatac,3311,6
zbot,112,6
